id,date published,source,headline,author,description,directory,link
Michael Brown,4/6/15,WSJ,Bill: Outside Prosecutors for Police Deadly Force Cases,Joseph De Avila,"Connecticut lawmakers are considering legislation that would require outside prosecutors to investigate incidents where police officers use deadly force, an effort to increase transparency.",,http://www.wsj.com/articles/bill-would-require-outside-prosecutors-for-police-deadly-force-cases-1428367724?mod=Searchresults_pos1&page=8
Michael Brown,1/27/15,WSJ,Attorney General Nominee Takes the Stage,Andrew Grossman and Devlin Barrett,Loretta Lynch will step into the Senate spotlight on Wednesday as the Justice Department she has been nominated to lead considers a series of hot-button issues ranging from possible civil-rights violations by police to government leaks.,,http://online.wsj.com/articles/attorney-general-nominee-lynchs-confirmation-hearing-set-to-begin-1422405198?mod=Searchresults_pos2&page=8
Michael Brown,3/20/15,WSJ,Ferguson Court Sees New Era as State Judge Takes Over,Ben Kesling,"A Missouri state-appointed judge presided over the Ferguson municipal court for the first time, inaugurating changes to a system deemed biased against minorities by the U.S. Department of Justice.",,http://www.wsj.com/articles/judge-ushers-in-new-era-at-ferguson-municipal-court-1426857329?mod=Searchresults_pos3&page=8
Michael Brown,12/11/14,WSJ,A Brief History of Protest Songs,Eric Danton,"Protest songs have been around for centuries, particularly during times of war and social unrest. Here’s a brief survey of protest songs dating back to 17th-century England, starting in the Vietnam War era.",,http://online.wsj.com/articles/a-brief-history-of-protest-songs-1418350228?mod=Searchresults_pos4&page=8
Michael Brown,1/6/15,WSJ,"No Slowdown on NYPD Enforcement, Union Says",Michael Howard Saul,"New York City’s main police union hasn’t initiated or supported a deliberate slowdown, the union’s president said, a day after records were released showing a steep reduction in arrests and summonses for a second week in a row.",,http://online.wsj.com/articles/no-slowdown-on-nypd-enforcement-union-says-1420574516?mod=Searchresults_pos5&page=8
Michael Brown,2/17/15,WSJ,Top Judge Urges Grand-Jury Changes,Rebecca Davis O’Brien,New York’s top judge on Tuesday proposed legislation to make grand-jury proceedings more open to the public and have judges preside over deliberations for police-involved homicides and serious assaults.,,http://www.wsj.com/articles/grand-juries-need-change-new-york-states-chief-judge-says-1424223731?mod=Searchresults_pos7&page=8
Michael Brown,11/25/14,WSJ,Turning Ferguson Into a Federal Case Won’t Be Easy,Devlin Barrett and Ben Kesling,A decision by a Missouri grand jury not to indict Darren Wilson shifts the focus to the Justice Department and whether federal civil rights charges are warranted in the shooting.,,http://online.wsj.com/articles/turning-ferguson-into-a-federal-case-wont-be-easy-1416948769?mod=Searchresults_pos8&page=8
Michael Brown,12/8/14,WSJ,Holder Widens Guidelines That Limit Profiling,Devlin Barrett,"Attorney General Eric Holder laid out new guidelines against racial and other types of profiling, citing law-enforcement cases that have sparked protests even as the new federal policy wouldn’t affect local police.",,http://online.wsj.com/articles/justice-department-to-issue-new-guidelines-barring-racial-profiling-by-federal-agents-1418036401?mod=Searchresults_pos10&page=8
Michael Brown,11/27/14,WSJ,Europe Sees Ferguson as Blight on U.S. Rights Record,"Stephen Fidler, Gregory L. White and Bertrand Benoit",Europe’s reaction to the rioting in the Missouri town of Ferguson reflects a common theme on the continent: that America’s human-rights record excludes its African-American minority.,,http://online.wsj.com/articles/europe-sees-ferguson-violence-as-sign-of-poor-u-s-treatment-of-african-americans-1417092544?mod=Searchresults_pos11&page=8
Michael Brown,2/10/15,WSJ,N.Y. Officer Indicted in Death of Unarmed Man,Pervaiz Shallwani,"A New York City police officer was indicted on multiple charges, including manslaughter, in the November shooting death of an unarmed black man in a housing project, a senior law-enforcement official said.",,http://online.wsj.com/articles/nypd-officer-indicted-in-death-of-unarmed-brooklyn-man-1423599261?mod=Searchresults_pos12&page=8
Michael Brown,2/9/15,WSJ,St. Louis Suburbs Sued for ‘Debtors Prison’ System,Ben Kesling,"Nearly a dozen residents of Ferguson, Mo., filed a lawsuit in federal court Sunday alleging the city racked by recent racial unrest violates constitutional protections by jailing people in unsanitary conditions for an inability to pay outstanding fines on misdemeanors.",,http://online.wsj.com/articles/lawsuit-alleges-ferguson-mo-legal-system-violates-constitutional-protections-by-jailing-poor-for-fines-1423502968?mod=Searchresults_pos13&page=8
Michael Brown,12/14/14,WSJ,Protestor Leaders to Keep Pressing for Change,Kris Hudson,Organizers and participants in nationwide weekend protests of police treatment of minorities say the movement is evolving to include more lobbying for legislative and political change.,,http://online.wsj.com/articles/protest-leaders-vow-to-keep-pressing-for-change-1418603011?mod=Searchresults_pos14&page=8
Michael Brown,11/23/14,WSJ,An Officer Calms Ferguson’s Streets,Ben Kesling,"A fourth straight night of street-blocking civil disobedience Saturday was punctuated by arrests, but was less confrontational thanks, in part, to a police commander using calmer tactics with protesters.",,http://online.wsj.com/articles/as-fergusons-streets-tensely-await-decision-an-officer-brings-calm-1416761970?mod=Searchresults_pos15&page=8
Michael Brown,11/23/14,WSJ,Ferguson Grand Jury Set to Reconvene,Ben Kesling,"Nightly protests continued here through the weekend as residents, police and demonstrators brace for a decision from a grand jury set to reconvene Monday.",,http://online.wsj.com/articles/ferguson-grand-jury-set-to-reconvene-1416777914?mod=Searchresults_pos16&page=8
Michael Brown,12/4/14,WSJ,N.Y. Legislature to Debate Police Issues,Erica Orden,New York Gov. Andrew Cuomo pledged to seek a broad legislative package of changes to law enforcement procedures and the grand jury process a day after a grand jury decided not to indict the police officer in Eric Garner’s case.,,http://online.wsj.com/articles/gov-andrew-cuomo-pledges-legislative-change-after-garner-grand-jury-decision-1417721085?mod=Searchresults_pos18&page=8
Michael Brown,12/6/14,WSJ,Protesters Slosh Over New York City Venues,"Josh Dawsey, Thomas MacMillan and Mark Morales","Demonstrators angry over a grand jury’s decision not to indict a policeman in the death of an unarmed African-American man, Eric Garner, converged on Friday on some of New York City’s most famous businesses and venues.",,http://online.wsj.com/articles/protesters-slosh-over-popular-new-york-city-venues-1417833251?mod=Searchresults_pos20&page=8
Michael Brown,4/16/15,WSJ,Adam Pendleton: The Making of an Art-World Star,Ellen Gamerman,"Virginia-born Adam Pendleton’s race-infused take on the 20th-century avant-garde, “Black Dada,” is conquering the art world one major venue at a time. London’s Pace Gallery is next.",,http://www.wsj.com/articles/adam-pendleton-the-making-of-an-art-world-star-1429217419?mod=Searchresults_pos1&page=9
Michael Brown,11/25/14,WSJ,Turning Ferguson Into a Federal Case Won’t Be Easy,Devlin Barrett and Ben Kesling,A decision by a Missouri grand jury not to indict Darren Wilson shifts the focus to the Justice Department and whether federal civil rights charges are warranted in the shooting.,,http://online.wsj.com/articles/turning-ferguson-into-a-federal-case-wont-be-easy-1416948769?mod=Searchresults_pos3&page=9
Michael Brown,12/21/14,WSJ,New York’s Mayor Faces Fresh Test in Ambush Deaths,Michael Howard Saul and Josh Dawsey,The ambush killings of two New York City police officers on Saturday poses a new challenge for a mayor whose support of recent protests has drawn some criticism.,,http://online.wsj.com/articles/new-york-shootings-come-at-difficult-moment-for-mayor-police-department-1419143131?mod=Searchresults_pos4&page=9
Michael Brown,12/1/14,WSJ,Ferguson Community Makes Moves to Begin Healing Process,Matthew Dolan,Police on Monday morning reported no overnight arrests in this city as a result of ongoing protests over a police-involved fatal shooting of an unarmed black teenager almost four months ago.,,http://online.wsj.com/articles/no-overnight-arrests-in-ferguson-police-say-1417449575?mod=Searchresults_pos5&page=9
Michael Brown,12/7/14,WSJ,Protest Movement Spreads,Jacob Gershman,"As protests against police violence spread nationwide, President Obama and New York City’s mayor said the anger sparked by a pair of controversial grand-jury decisions underscored the need for a broader national conversation about race relations and civil rights.",,http://online.wsj.com/articles/protest-movement-spreads-1418000676?mod=Searchresults_pos6&page=9
Michael Brown,11/23/14,WSJ,An Officer Calms Ferguson’s Streets,Ben Kesling,"A fourth straight night of street-blocking civil disobedience Saturday was punctuated by arrests, but was less confrontational thanks, in part, to a police commander using calmer tactics with protesters.",,http://online.wsj.com/articles/as-fergusons-streets-tensely-await-decision-an-officer-brings-calm-1416761970?mod=Searchresults_pos7&page=9
Michael Brown,12/24/14,WSJ,NYPD Arrests 4 After Threats to Officers,Pervaiz Shallwani,"Since the shooting deaths of two police officers Saturday afternoon, the NYPD has launched 40 investigations into possible threats",,http://online.wsj.com/articles/nypd-arrests-4-people-after-threats-to-officers-1419445797?mod=Searchresults_pos8&page=9
Michael Brown,12/8/14,WSJ,Cleveland Family Calls for Charges  in Boy’s Shooting,Matthew Dolan,The mother of a 12-year-old boy who was shot dead by police while carrying a toy gun in a Cleveland park in November called on Monday for criminal charges against the officer involved.,,http://online.wsj.com/articles/cleveland-family-calls-for-conviction-of-officer-involved-in-boys-fatal-shooting-1418071080?mod=Searchresults_pos9&page=9
Michael Brown,11/23/14,WSJ,Ferguson Grand Jury Set to Reconvene,Ben Kesling,"Nightly protests continued here through the weekend as residents, police and demonstrators brace for a decision from a grand jury set to reconvene Monday.",,http://online.wsj.com/articles/ferguson-grand-jury-set-to-reconvene-1416777914?mod=Searchresults_pos10&page=9
Michael Brown,12/4/14,WSJ,Leaders Pledge Police Changes in Light of Garner Case,Andrew Tangel,"New York political leaders vowed to pursue changes and civil-rights leaders announced a protest march in Washington, D.C., a day after a grand jury declined to indict a police officer in the death of Eric Garner.",,http://online.wsj.com/articles/mayor-bill-de-blasio-promises-overhaul-at-nypd-after-eric-garner-case-1417704263?mod=Searchresults_pos11&page=9
Michael Brown,6/20/15,WSJ,Charleston Mayor Rallies City After Fatal Shootings,Mara Gay And Josh Dawsey,"The deadly shooting at the Emanuel African Methodist Episcopal Church has trained a spotlight on longtime Charleston Mayor Joseph Riley, a soft-spoken liberal Democrat who has been in office since 1975.",,http://www.wsj.com/articles/charleston-mayor-rallies-city-after-fatal-shootings-1434836329?mod=Searchresults_pos12&page=9
Michael Brown,12/22/14,WSJ,"NYC Mayor, Police Unions Postpone Debate",Michael Howard Saul And Pervaiz Shallwani,New York City Mayor Bill de Blasio and the city’s largest police union have vowed to put aside their strife until after two officers fatally shot last weekend were laid to rest.,,http://online.wsj.com/articles/de-blasio-political-debate-can-wait-until-after-funerals-of-slain-nypd-officers-1419276483?mod=Searchresults_pos13&page=9
Michael Brown,4/11/15,WSJ,Hundreds Mourn Man Shot by Police Officer,Valerie Bauerlein,Mourners at Walter Scott’s funeral remembered him as a loving father and friend whose fatal shooting by a white police officer should be a catalyst for national change.,,http://www.wsj.com/articles/hundreds-mourn-south-carolina-police-shooting-victim-walter-scott-1428772099?mod=Searchresults_pos14&page=9
Michael Brown,12/21/14,WSJ,"Tompkins Houses, Near Attack on Police, Had Felt Safer",Jennifer Smith,"Crime has long been a problem near the Tompkins Houses, the Brooklyn public-housing development across the street from where two officers were killed on Saturday.",,http://online.wsj.com/articles/tompkins-houses-have-uneasy-ties-with-police-1419213800?mod=Searchresults_pos15&page=9
Michael Brown,11/25/14,WSJ,How It Felt to Be a ‘Suspicious’ Black Teen,Gary Fields,Ferguson reminds a Journal reporter of times in his youth when he was singled out by police.,,http://online.wsj.com/articles/what-it-felt-like-to-be-a-suspicious-black-teenager-1416956319?mod=Searchresults_pos16&page=9
Michael Brown,1/5/15,WSJ,Ferguson Grand Juror Sues Over Lifetime Gag Order,Ben Kesling,"A grand juror in the case of the police-involved shooting in Ferguson, Mo., filed suit to break a gag rule protecting the secrecy of the controversial proceedings.",,http://online.wsj.com/articles/member-of-ferguson-grand-jury-sues-over-lifetime-gag-order-1420476883?mod=Searchresults_pos17&page=9
Michael Brown,12/6/14,WSJ,NYPD Orchestrates Protest Moves,Pervaiz Shallwani  And Thomas MacMillan,"New York City’s approach to protests in response to a grand jury decision in not to the indict a white police officer in the chokehold death of a black man is starkly different than the approach in Ferguson, Mo.",,http://online.wsj.com/articles/nypd-orchestrates-moves-in-eric-garner-death-protests-1417831225?mod=Searchresults_pos18&page=9
Michael Brown,2/11/15,WSJ,‘Between Riverside and Crazy’ Opens This Week,Stefanie Cohen,"Stephen Adly Guirgis’s play, ‘Between Riverside and Crazy,’ tells the story of a white cop who shoots an older black cop, echoing recent events in Ferguson, Mo., and New York.",,http://www.wsj.com/articles/between-riverside-and-crazy-opens-this-week-1423674598?mod=Searchresults_pos19&page=9
Michael Brown,12/22/14,WSJ,Police Monitor Social Media for Threats,Ashby Jones  and Joe Palazzolo,"Police departments have little legal recourse against people who threaten violence against their officers, but they are aggressively monitoring social media in hopes of identifying dangers and thwarting violence.",,http://online.wsj.com/articles/police-seek-clues-in-social-media-1419301133?mod=Searchresults_pos20&page=9
Michael Brown,2/11/15,WSJ,‘Between Riverside and Crazy’ Opens This Week,Stefanie Cohen,"Stephen Adly Guirgis’s play, ‘Between Riverside and Crazy,’ tells the story of a white cop who shoots an older black cop, echoing recent events in Ferguson, Mo., and New York.",,http://www.wsj.com/articles/between-riverside-and-crazy-opens-this-week-1423674598?mod=Searchresults_pos1&page=10
Michael Brown,12/26/14,WSJ,Thousands Gather to Honor Slain NYPD Officer,Leslie Brody,"Thousands of mourners gathered Friday at a Queens church to pay their respects to a slain New York City police officer, a day before his funeral was expected to draw thousands of police from across the country.",,http://online.wsj.com/articles/funeral-for-slain-nypd-officer-to-be-held-friday-1419613090?mod=Searchresults_pos2&page=10
Michael Brown,12/25/14,WSJ,"Pilgrimage, Prayer for Slain Officers","Michael Howard Saul, Sonja Sharp and Pervaiz Shallwani","Across the city, the festive bustle of Christmas Day was tempered by the sorrowful memory of the fatal shootings of two New York City police officers.",,http://online.wsj.com/articles/pilgrimage-prayer-for-two-slain-new-york-city-police-officers-1419559021?mod=Searchresults_pos3&page=10
Michael Brown,12/11/14,WSJ,Push for Transparency on Police Killings Gathers Pace,Rob Barry,Lawmakers clear legislation that would give states and federal law-enforcement agencies strong incentives to report deaths in custody and during arrests.,,http://online.wsj.com/articles/push-for-greater-transparency-on-police-killings-gathers-pace-1418327289?mod=Searchresults_pos4&page=10
Michael Brown,11/16/14,WSJ,Protesters Plan Response to Ferguson Decision,Ben Kesling,"As both sides wait for a decision on whether a grand jury will indict the white Ferguson police officer who killed a black teenager in August, protesters stood in the falling snow Sunday, waiting to step off on a well-organized march.",,http://online.wsj.com/articles/in-st-louis-protesters-plan-an-orderly-response-to-indictment-news-1416178350?mod=Searchresults_pos5&page=10
Michael Brown,3/19/15,WSJ,"Grand Jury Records in Garner Case Will Stay Sealed, Judge Rules",Michael Howard Saul  and Pervaiz Shallwani,A state Supreme Court justice has rejected requests to release the minutes of the Staten Island grand jury that declined to indict the New York City police officer involved in the Eric Garner case.,,http://www.wsj.com/articles/grand-jury-records-in-garner-case-will-stay-sealed-judge-rules-1426814841?mod=Searchresults_pos7&page=10
Michael Brown,12/22/14,WSJ,"Gunman Acted Alone, New York City Police Say",Rebecca Davis O’Brien and Michael Howard Saul,"Ismaaiyl Brinsley, the alleged killer of two police officers was apparently motivated by antigovernment and anti-police sentiment. New York City Mayor Bill de Blasio asked New Yorkers to put aside politics and unify behind the families of the dead officers.",,http://online.wsj.com/articles/new-york-city-police-commissioner-says-killings-of-officers-a-spin-off-of-demonstrations-1419272144?mod=Searchresults_pos8&page=10
Michael Brown,12/10/14,WSJ,Bay Area Protests Are Latest in Long Tradition,Alejandro Lazo and Zusha Elinson,Demonstrations in cities of Oakland and Berkeley reflect the region’s history of social activism and militant street action.,,http://online.wsj.com/articles/bay-area-protests-over-police-killings-are-latest-in-long-tradition-1418163477?mod=Searchresults_pos10&page=10
Michael Brown,12/28/14,WSJ,Web Store Unloads Old Items Offline,Ellen Emmerentze Jervell,"For Europe’s largest online retailer, Zalando, the end of the holiday shopping rush opens a new sales window in the real world.",,http://online.wsj.com/articles/web-store-unloads-old-items-offline-1419811896?mod=Searchresults_pos12&page=10
Michael Brown,12/4/14,WSJ,Social Media Help Fuel Protests Around the Country,Jennifer Smith and Andrew Tangel,Demonstrators mixed with tourists and commuters at famous sites here as they protested a grand jury’s decision not to indict a white New York City police officer in the death of a black man.,,http://online.wsj.com/articles/social-media-help-fuel-protests-after-new-york-officer-not-indicted-over-death-of-eric-garner-1417662999?mod=Searchresults_pos13&page=10
Michael Brown,3/1/15,WSJ,Report Calls for More Police Body Cameras,Gary Fields and Colleen McCain Nelson,"A presidential task force on policing calls for increased use of body cameras and other technology, and expanded efforts to connect officers with neighborhoods.",,http://www.wsj.com/articles/task-force-report-calls-for-more-body-cameras-1425257551?mod=Searchresults_pos14&page=10
Michael Brown,11/29/14,WSJ,Protesters Fan Out as Missouri Gov. Calls For New Security Funds,Matthew Dolan,"Nearly 100 locations from utility substations to sports stadiums are under watch this weekend by the Missouri National Guard and state Highway Patrol, Gov. Jay Nixon wrote in a Saturday letter to lawmakers.",,http://online.wsj.com/articles/ferguson-protests-spark-more-than-dozen-arrests-1417240877?mod=Searchresults_pos15&page=10
Michael Brown,12/1/14,WSJ,Obama Seeks New Policing Standards Post-Ferguson,Colleen McCain Nelson and Byron Tau,"President Barack Obama called for new standards for federal programs that equip local police departments with military gear, which had drawn criticism amid the police response to protests in Ferguson, Mo.",,http://online.wsj.com/articles/obama-to-focus-on-ferguson-protests-in-monday-meetings-1417446423?mod=Searchresults_pos16&page=10
Michael Brown,12/4/14,WSJ,Low-Wage Workers Protest Over Pay,Melanie Trottman,"Low-wage workers from increasingly varied workplaces are staging strikes and protests in 35 states and 190 cities on Thursday, demanding higher minimum wages.",,http://online.wsj.com/articles/low-wage-workers-stage-strikes-and-protests-over-pay-1417713773?mod=Searchresults_pos17&page=10
Michael Brown,5/24/15,WSJ,Cleveland Officer’s Acquittal in Two Deaths Sets Off Protests,Associated Press,"A white Cleveland officer who fired down on a car at the end of a 137-shot barrage that left the two unarmed black occupants dead was acquitted of criminal charges, setting off angry but mostly orderly protests.",,http://www.wsj.com/articles/cleveland-officer-acquitted-in-two-shooting-deaths-1432393984?mod=Searchresults_pos18&page=10
Michael Brown,12/27/14,WSJ,A Sea of Blue Salutes Fallen Police Officer,Michael Howard Saul,"Thousands of police officers from around the country gathered in Queens for the funeral service of Rafael Ramos, one of the two New York City police officers killed in an ambush last weekend.",,http://online.wsj.com/articles/fallen-nypd-officer-receives-inspectors-funeral-1419692781?mod=Searchresults_pos19&page=10
Michael Brown,12/24/14,WSJ,Missouri Shooting Sparks Protests,Ben Kesling and Joe Barrett,"The police-involved shooting death of an allegedly armed black man in a St. Louis suburb led to small protests and four arrests overnight, according to police.",,http://online.wsj.com/articles/missouri-police-officer-shoots-dead-man-who-pulled-gun-1419412121?mod=Searchresults_pos20&page=10
Michael Brown,3/5/15,WSJ,Michael Brown’s Parents Announce Lawsuit,Associated Press,"Lawyers for the parents of an unarmed, black, 18-year-old who was fatally shot by a white police officer in the St. Louis suburb of Ferguson, Mo., said Thursday that they would file a civil lawsuit in Michael Brown’s death.",,http://www.wsj.com/articles/michael-browns-parents-announce-plans-for-civil-suit-in-slaying-by-ex-officer-1425578802?mod=Searchresults_pos1&page=1
Michael Brown,12/3/14,WSJ,Michael Brown’s Stepfather Apologizes for Comments,Ben Kesling,Michael Brown’s stepfather apologized on Wednesday for emotionally-charged comments he made in the minutes after a grand jury announced it wouldn’t bring criminal charges against the officer involved in Mr. Brown’s death.,,http://online.wsj.com/articles/michael-browns-stepfather-apologizes-for-comments-1417631125?mod=Searchresults_pos2&page=1
Michael Brown,11/25/14,WSJ,Grand Jury Decision Sparks Fresh Unrest in Ferguson,AUTHOR_NOT_FOUND,Missouri Gov. Jay Nixon Tuesday said he would triple the National Guard presence in the St. Louis region in the wake of widespread violence following a grand jury decision not to indict police officer Darren Wilson in the shooting death of Michael Brown.,,http://online.wsj.com/articles/grand-jury-decision-sparks-fresh-unrest-in-ferguson-1416891415?mod=Searchresults_pos3&page=1
Michael Brown,4/23/15,WSJ,Michael Brown’s Family Files Civil Lawsuit Against Ferguson,Joe Barrett,"The family of Michael Brown filed a civil lawsuit against the city of Ferguson, Mo., over the fatal shooting of the unarmed black 18-year-old.",,http://www.wsj.com/articles/michael-browns-family-files-civil-lawsuit-against-ferguson-1429804290?mod=Searchresults_pos4&page=1
Michael Brown,11/24/14,WSJ,How Ferguson Became a Symbol,AUTHOR_NOT_FOUND,"A visual chronology of events in Ferguson, Mo., from the shooting of Michael Brown by Officer Darren Wilson on Aug. 9 to the grand-jury decision on Monday.",,http://online.wsj.com/articles/how-ferguson-became-a-symbol-1416885278?mod=Searchresults_pos5&page=1
Michael Brown,11/26/14,WSJ,Marching Through the Streets,AUTHOR_NOT_FOUND,"Demonstrators across the U.S. took to the streets on Tuesday night to protest the decision of a grand jury to not indict Darren Wilson, a white police officer, for shooting unarmed black teenager Michael Brown.",,http://online.wsj.com/articles/photos-marching-through-the-streets-1416974970?mod=Searchresults_pos6&page=1
Michael Brown,11/25/14,WSJ,Darren Wilson Says He Feared for His Life,Valerie Bauerlein,Police officer Darren Wilson says in an interview with ABC he wouldn’t have done anything differently in the August shooting death of unarmed black teenager Michael Brown in the St. Louis suburb of Ferguson.,,http://online.wsj.com/articles/darren-wilson-says-he-feared-for-his-life-in-encounter-with-michael-brown-1416963966?mod=Searchresults_pos7&page=1
Michael Brown,11/29/14,WSJ,Protests Spread Across U.S. on Black Friday,AUTHOR_NOT_FOUND,"People demonstrated against the Ferguson, Mo., grand jury decision in the Michael Brown case in cities from San Francisco to New York City.",,http://online.wsj.com/articles/protests-spread-across-u-s-on-black-friday-1417284244?mod=Searchresults_pos8&page=1
Michael Brown,11/25/14,WSJ,Comparing the Michael Brown and Eric Garner Cases,Yoni Bashan,"Legal experts compare the cases of  Michael Brown in Ferguson, Mo., and Eric Garner on Staten Island.",,http://online.wsj.com/articles/comparing-the-michael-brown-and-eric-garner-cases-1416969202?mod=Searchresults_pos9&page=1
Michael Brown,4/8/15,WSJ,African-Americans Gain Council Seats in Ferguson,Ben Kesling,"Half of the members of the City Council in Ferguson, Mo., will be African-American following the city’s first election since the shooting death of Michael Brown by a police officer.",,http://www.wsj.com/articles/african-americans-gain-city-council-seats-in-ferguson-1428466874?mod=Searchresults_pos10&page=1
Michael Brown,11/18/14,WSJ,St. Louis Mayor Expects Mostly Peaceful Protests,Ben Kesling,"The city’s mayor said he expects mostly nonviolent protests in the days after a grand jury announces whether it will indict the Ferguson police officer who shot and killed Michael Brown, but he also expects police will make arrests.",,http://online.wsj.com/articles/st-louis-mayor-expects-mostly-peaceful-protests-after-grand-jury-decision-on-michael-brown-killing-1416371999?mod=Searchresults_pos11&page=1
Michael Brown,11/13/14,WSJ,Ferguson Grand Jury Deliberations Likely to Begin Soon,Ben Kesling,"The grand jury probing the fatal shooting of Michael Brown in Ferguson, Mo., heard some of its final testimony and is likely to begin deliberations soon, attorneys for Mr. Brown’s family said.",,http://online.wsj.com/articles/brown-family-urges-restraint-as-grand-jury-meets-in-missouri-1415895479?mod=Searchresults_pos12&page=1
Michael Brown,11/24/14,WSJ,Officer Not Charged in Killing,AUTHOR_NOT_FOUND,"A grand jury declined to indict police officer Darren Wilson in the shooting of unarmed 18-year-old Michael Brown, whose death touched off weeks of civil unrest that made Ferguson, Mo., a national flashpoint over race and justice.",,http://online.wsj.com/articles/officer-not-charged-in-killing-1416889002?mod=Searchresults_pos13&page=1
Michael Brown,12/2/14,WSJ,"In Ferguson, Art Replaces Arson",AUTHOR_NOT_FOUND,"A week after rioters tore through Ferguson, Mo., and other communities protesting a grand jury decision not to indict a police officer who killed 18-year-old Michael Brown in August, street artists tried to recast boarded-up storefronts in the St. Louis suburb with images of peace and racial understanding.",,http://online.wsj.com/articles/in-ferguson-art-replaces-arson-1417580511?mod=Searchresults_pos14&page=1
Michael Brown,12/9/14,WSJ,Athletes Say ‘I Can’t Breathe’,AUTHOR_NOT_FOUND,A number of professional athletes have shown their support of protests across the country following grand-jury decisions not to indict police officers in the deaths of Michael Brown and Eric Garner.,,http://online.wsj.com/articles/athletes-say-i-cant-breathe-1418092341?mod=Searchresults_pos15&page=1
Michael Brown,11/28/14,WSJ,"Ferguson Residents Help Clean Up, Join in Holiday Celebrations",Pervaiz Shallwani,"Ferguson area residents came out in a show of support Thursday to clean up debris, spruce up buildings and celebrate Thanksgiving after violence erupted in response to a grand jury’s decision in the fatal shooting of Michael Brown.",,http://online.wsj.com/articles/ferguson-tensions-cool-on-third-night-after-grand-jury-decision-1417071310?mod=Searchresults_pos16&page=1
Michael Brown,11/25/14,WSJ,"Brown Family Lawyers Criticize Prosecutor, Legal Process",Pervaiz Shallwani,Attorneys for Michael Brown’s family lashed out on Tuesday at the local prosecutor and the legal process that led a grand jury not to indict officer Darren Wilson in the shooting death of the black teen.,,http://online.wsj.com/articles/brown-family-lawyers-criticize-prosecutor-legal-process-1416951360?mod=Searchresults_pos18&page=1
Michael Brown,11/21/14,WSJ,Ferguson-Area School District Cancels Classes Next Week,Douglas Belkin,"A school district adjacent to Ferguson, Mo., has canceled classes next week in anticipation of protests that could follow the grand jury decision in the shooting death of Michael Brown.",,http://online.wsj.com/articles/ferguson-area-school-district-cancels-classes-next-week-1416601489?mod=Searchresults_pos19&page=1
Michael Brown,2/10/15,WSJ,Missouri AG Seeks to Block Ferguson Grand Juror From Speaking Out,Ben Kesling,Missouri’s attorney general filed papers Monday seeking to block a grand juror’s request to speak publicly about the decision not to indict a Ferguson police officer in the shooting death of Michael Brown.,,http://online.wsj.com/articles/missouri-ag-seeks-to-block-ferguson-grand-juror-from-speaking-publicly-1423602145?mod=Searchresults_pos20&page=1
Michael Brown,1/28/15,WSJ,Few Fireworks at Hearing of Attorney General Nominee,Andrew Grossman and Devlin Barrett,Attorney-general nominee Loretta Lynch vouched for the legality of recent Obama administration decisions on immigration at her relatively tame  confirmation hearing before lawmakers.,,http://online.wsj.com/articles/attorney-general-nominee-lynch-wants-improved-relations-with-congress-1422450009?mod=Searchresults_pos1&page=11
Michael Brown,3/8/15,WSJ,Obama Marks a Civil-Rights Turning Point,Arian Campo-Flores,"Fifty years after a civil-rights confrontation at the Edmund Pettus Bridge in Selma, Ala., President Barack Obama commemorated the marchers with a soaring speech.",,http://www.wsj.com/articles/obama-to-join-bloody-sunday-anniversary-in-selma-1425740082?mod=Searchresults_pos2&page=11
Michael Brown,12/4/14,WSJ,Low-Wage Workers Protest Over Pay,Melanie Trottman,"Low-wage workers from increasingly varied workplaces are staging strikes and protests in 35 states and 190 cities on Thursday, demanding higher minimum wages.",,http://online.wsj.com/articles/low-wage-workers-stage-strikes-and-protests-over-pay-1417713773?mod=Searchresults_pos3&page=11
Michael Brown,1/4/15,WSJ,Police Rift Grows for New York Mayor,Michael Howard Saul,"Hundreds of New York City police officers turned their backs as Mayor Bill de Blasio spoke Sunday at a funeral for slain Officer Wenjian Liu, showing the deep divisions between the mayor and the nation’s largest police force.",,http://online.wsj.com/articles/police-rift-grows-for-new-york-mayor-1420385276?mod=Searchresults_pos4&page=11
Michael Brown,11/27/14,WSJ,Ferguson Businesses Vow to Rebuild,"Pervaiz Shallwani, Ben Kesling and Caroline Porter","The St. Louis Regional Chamber estimates about 60 businesses in the Ferguson, Mo., area were looted, vandalized or burned this week after a grand jury declined to indict a white police officer in the shooting of an unarmed black teenager.",,http://online.wsj.com/articles/ferguson-businesses-face-rebuilding-effort-1417039397?mod=Searchresults_pos5&page=11
Michael Brown,5/24/15,WSJ,Cleveland Officer’s Acquittal in Two Deaths Sets Off Protests,Associated Press,"A white Cleveland officer who fired down on a car at the end of a 137-shot barrage that left the two unarmed black occupants dead was acquitted of criminal charges, setting off angry but mostly orderly protests.",,http://www.wsj.com/articles/cleveland-officer-acquitted-in-two-shooting-deaths-1432393984?mod=Searchresults_pos6&page=11
Michael Brown,12/27/14,WSJ,A Sea of Blue Salutes Fallen Police Officer,Michael Howard Saul,"Thousands of police officers from around the country gathered in Queens for the funeral service of Rafael Ramos, one of the two New York City police officers killed in an ambush last weekend.",,http://online.wsj.com/articles/fallen-nypd-officer-receives-inspectors-funeral-1419692781?mod=Searchresults_pos7&page=11
Michael Brown,12/24/14,WSJ,Missouri Shooting Sparks Protests,Ben Kesling and Joe Barrett,"The police-involved shooting death of an allegedly armed black man in a St. Louis suburb led to small protests and four arrests overnight, according to police.",,http://online.wsj.com/articles/missouri-police-officer-shoots-dead-man-who-pulled-gun-1419412121?mod=Searchresults_pos8&page=11
Michael Brown,12/29/14,WSJ,Autopsy Report Released in Los Angeles Police Shooting,Tamara Audi and John R. Emshwiller,"A highly anticipated autopsy report Monday showed a young, unarmed black man whom Los Angeles police shot and killed in August had fatal gunshot wounds on his back and abdomen.",,http://online.wsj.com/articles/autopsy-report-released-in-los-angeles-police-shooting-1419893227?mod=Searchresults_pos9&page=11
Michael Brown,12/22/14,WSJ,No Charges for Milwaukee Officer in Fatal Shooting of Black Man,Ben Kesling and Mark Peters,"A Milwaukee County prosecutor won’t charge a white officer in the April death of a black man, setting the stage for potentially tense protests as the use of deadly force by police remains in the national spotlight.",,http://online.wsj.com/articles/milwaukee-police-officer-not-charged-in-fatal-shooting-1419266384?mod=Searchresults_pos12&page=11
Michael Brown,12/21/14,WSJ,Gunman Led Life of Trouble Before Attack,"Rebecca Davis O’Brien, Pervaiz Shallwani and Scott Calvert",Investigators piecing together the events leading to the fatal ambush of two police officers in Brooklyn said the alleged killer had a troubled emotional history that included a suicide attempt as recently as a year ago.,,http://online.wsj.com/articles/ismaaiyl-brinsley-suspected-of-shooting-new-york-police-had-criminal-history-ties-to-brooklyn-1419188892?mod=Searchresults_pos13&page=11
Michael Brown,12/3/14,WSJ,Garner Decision Ripples Across City,Michael Howard Saul and Jennifer Smith,A grand jury’s decision not to indict the officer at the center of the Eric Garner chokehold case sparks demonstrations and emotional reactions across New York City.,,http://online.wsj.com/articles/garner-decision-ripples-across-city-1417667222?mod=Searchresults_pos14&page=11
Michael Brown,12/13/14,WSJ,"Protesters Rally in Washington, Other Cities",Rebecca Ballhaus and Leslie Brody,Thousands marched in Washington and several other U.S. cities to protest a series of grand jury decisions not to indict white police officers who killed unarmed black men.,,http://online.wsj.com/articles/anti-brutality-protest-march-on-washington-gets-under-way-1418493077?mod=Searchresults_pos15&page=11
Michael Brown,3/20/15,WSJ,"Peter Sellars on Art, Politics and Controversy",Alexandra Wolfe,"Experimental director Peter Sellars uses theater, dance and opera to push boundaries and pose painful questions about race and inequality.",,http://www.wsj.com/articles/peter-sellars-on-art-politics-and-controversy-1426869815?mod=Searchresults_pos16&page=11
Michael Brown,5/3/15,WSJ,NYC Police Officer Shot Saturday in Critical Condition,JOE JACKSON and ADAM JANOS,An undercover New York City police officer who was shot early Saturday evening in Queens remains in critical but stable condition at Jamaica Hospital.,,http://www.wsj.com/articles/nyc-police-officer-shot-saturday-in-critical-but-stable-condition-1430670909?mod=Searchresults_pos17&page=11
Michael Brown,11/26/14,WSJ,"The 10-Point: Gerard Baker on Ferguson Violence, Activist Investors, Chuck Hagel’s Year and More",Gerard Baker,"A personal, guided tour to the best scoops and stories every day in The Wall Street Journal, from Editor in Chief Gerard Baker.",,http://online.wsj.com/articles/the-10-point-gerard-baker-on-ferguson-violence-activist-investors-chuck-hagels-year-and-more-1417003103?mod=Searchresults_pos18&page=11
Michael Brown,4/24/15,WSJ,"The 10-Point: Gerard Baker on Drone Strategy, Comcast, Nasdaq’s Highs and More",Gerard Baker,"A personal, guided tour to the best scoops and stories every day in The Wall Street Journal, from Editor in Chief Gerard Baker.",,http://www.wsj.com/articles/the-10-point-gerard-baker-on-drone-strategy-comcast-nasdaqs-highs-and-more-1429870838?mod=Searchresults_pos19&page=11
Michael Brown,11/25/14,WSJ,"The 10-Point: Gerard Baker on Ferguson Unrest, Chuck Hagel’s Departure, Nuclear Negotiations and More",Gerard Baker,"A personal, guided tour to the best scoops and stories every day in The Wall Street Journal, from Editor in Chief Gerard Baker.",,http://online.wsj.com/articles/the-10-point-gerard-baker-on-ferguson-unrest-chuck-hagels-departure-nuclear-negotiations-and-more-1416917392?mod=Searchresults_pos20&page=11
Michael Brown,12/30/14,WSJ,Events That Shaped a Turbulent 2014,AUTHOR_NOT_FOUND,"From the rise of Islamic State to the Republicans’ sweep of the midterm elections, the past year brought a number of game-changing news developments. Among them were the Ebola outbreak, the police shooting in Ferguson, Mo., the Ukraine crisis and the drop in oil prices.",,http://online.wsj.com/articles/year-in-review-top-news-stories-of-2014-1419977543?mod=Searchresults_pos3&page=13
Michael Brown,11/25/14,WSJ,Obama’s Muted Ferguson Response Reflects Limited Options,Colleen McCain Nelsonand Byron Tau,The president’s response to the rioting in Ferguson underscores both the role he has carved for himself as uniquely well-suited to bridge the nation’s racial divide and his discomfort at times with embracing the role.,,http://online.wsj.com/articles/obamas-muted-ferguson-response-reflects-his-limited-options-1416966413?mod=Searchresults_pos10&page=13
Michael Brown,12/3/14,WSJ,Some New York City Police Set to Wear Body Cameras,Mara Gay,"On Friday, 27 of 54 officers in a pilot program were scheduled to begin using the lapel-attached cameras on the job. Citywide calls for police body cameras intensified following Eric Garner’s death last summer.",,http://online.wsj.com/articles/some-new-york-city-police-set-to-wear-body-cameras-1417640070?mod=Searchresults_pos11&page=13
Michael Brown,3/12/15,WSJ,Two Officers Shot Amid Ferguson Protest,AUTHOR_NOT_FOUND,"Two police officers were shot early Thursday outside the Ferguson, Mo., police department as demonstrators gathered after the police chief resigned in the wake of a scathing Justice Department report alleging bias in the department.",,http://www.wsj.com/articles/police-injured-in-ferguson-shooting-1426154118?mod=Searchresults_pos12&page=13
Michael Brown,12/2/14,WSJ,Cameras Put New Pressure on Police,Zusha Elinson,"Police body cameras have gained considerable currency in the wake of the fatal shooting of an unarmed black 18-year-old in Ferguson, Mo., this summer. But what happens if officers don’t turn their cameras on?",,http://online.wsj.com/articles/body-cameras-put-new-pressure-on-police-1417565922?mod=Searchresults_pos13&page=13
Michael Brown,12/8/14,WSJ,"LeBron James, Kyrie Irving Wear ‘I Can’t Breathe’ Shirts",Alex Raskin,"LeBron James and Kyrie Irving were among NBA players who warmed up before Monday’s Nets-Cavaliers game wearing T-shirts reading ‘I Can’t Breathe,’ referencing the death of Eric Garner.",,http://online.wsj.com/articles/lebron-james-kyrie-irving-wear-i-cant-breathe-shirts-1418089783?mod=Searchresults_pos14&page=13
Michael Brown,12/12/14,WSJ,Judge Issues Temporary Order on Use of Tear Gas in Ferguson Protests,Joe Barrett and Ben Kesling,A federal judge in St. Louis issued a temporary restraining order Thursday against the use of tear gas and other agents to disperse peaceful demonstrators without providing adequate warning and meeting other conditions.,,http://online.wsj.com/articles/judge-issues-temporary-order-on-use-of-tear-gas-in-ferguson-protests-1418411907?mod=Searchresults_pos15&page=13
Michael Brown,12/16/14,WSJ,Los Angeles Police to Wear Body Cameras,Miriam Jordan,"Mayor Eric Garcetti announced Tuesday the rollout of on-body cameras for the city’s entire police force, an endorsement of a tool that has gained attention since a white police officer fatally shot an unarmed black man in Ferguson, Mo., in the summer.",,http://online.wsj.com/articles/los-angeles-police-force-to-wear-body-cameras-1418752034?mod=Searchresults_pos16&page=13
Michael Brown,11/26/14,WSJ,Tensions Simmer After Shooting Decision,"Pervaiz Shallwani,
		
	Ben Kesling and Mark Peters","A cold rain fell amid relative calm in Ferguson, Mo., on Wednesday evening, following a day of clean-up after riots in the wake of a grand jury’s decision not to indict a white police officer in the killing of a black teenager.",,http://online.wsj.com/articles/ferguson-hit-by-second-night-of-protests-1416999211?mod=Searchresults_pos1&page=2
Michael Brown,12/12/14,WSJ,‘Die-Ins’ of Police Protests Hark Back to Great Depression,Ben Zimmer,The “die-ins” of the protests against the Eric Garner and Michael Brown killings by police hark back to a strike in the Great Depression.,,http://online.wsj.com/articles/die-ins-of-police-protests-hark-back-to-great-depression-1418409400?mod=Searchresults_pos3&page=2
Michael Brown,11/22/14,WSJ,Ferguson Grand Jury Reconvening Monday,Ben Kesling,"The grand jury deciding whether to indict a police officer in the shooting death of teenager Michael Brown will reconvene Monday, according to a county official.",,http://online.wsj.com/articles/ferguson-grand-jury-to-reconvene-next-week-1416693827?mod=Searchresults_pos4&page=2
Michael Brown,11/25/14,WSJ,Ferguson Police Officer Not Charged in Black Teen’s Shooting,Ben Kesling and Mark Peters,"A grand jury declined to indict police officer Darren Wilson in the shooting of unarmed 18-year-old Michael Brown, sparking renewed unrest in Ferguson Mo., which became a national flash point over race and justice during weeks of turmoil this summer.",,http://online.wsj.com/articles/ferguson-police-officer-not-charged-in-black-teens-shooting-1416882438?mod=Searchresults_pos5&page=2
Michael Brown,12/12/14,WSJ,Portraits of New York City Protesters,AUTHOR_NOT_FOUND,Recent protesters in New York City range from veteran activists to first timers. They have demonstrated against the Eric Garner and Michael Brown grand jury decisions.,,http://online.wsj.com/articles/portraits-of-new-york-city-protesters-1418424102?mod=Searchresults_pos6&page=2
Michael Brown,11/25/14,WSJ,Ferguson Uneasy After Violent Night,"Ben Kesling, Pervaiz Shallwani and Mark Peters",More protests were planned throughout the region after a grand jury declined to indict police officer Darren Wilson in the shooting of unarmed 18-year-old Michael Brown.,,http://online.wsj.com/articles/ferguson-grand-jurys-decision-sparks-fresh-violence-unrest-1416916181?mod=Searchresults_pos7&page=2
Michael Brown,11/17/14,WSJ,Missouri Declares State of Emergency,Ben Kesling,"Gov. Jay Nixon declared a state of emergency for Missouri, ahead of an anticipated announcement from a grand jury in the shooting death of Michael Brown and protests expected to take place in the St. Louis area.",,http://online.wsj.com/articles/missouri-governor-declares-state-of-emergency-before-grand-jury-decision-1416256018?mod=Searchresults_pos9&page=2
Michael Brown,11/28/14,WSJ,Protesters Swarm Mall Near Ferguson,Matthew Dolan and Pervaiz Shallwani,"Several hundred protesters swarmed a mall near Ferguson, Mo., in a Black Friday protest over the lack of an indictment in the police-involved fatal shooting of 18-year-old Michael Brown.",,http://online.wsj.com/articles/protesters-swarm-mall-near-ferguson-1417206782?mod=Searchresults_pos10&page=2
Michael Brown,11/24/14,WSJ,Ferguson Grand Jury Decision Expected at 8 p.m. Central,Ben Kesling and Mark Peters,St. Louis County Prosecutor Robert McCulloch will announce at 8 p.m. Central Standard Time a grand jury’s decision on whether to indict white Ferguson police officer Darren Wilson in the shooting death of unarmed black teenager Michael Brown.,,http://online.wsj.com/articles/ferguson-grand-jury-decision-expected-monday-night-1416871962?mod=Searchresults_pos11&page=2
Michael Brown,6/14/15,WSJ,"In Ferguson, a Long Road Getting Back to Business","Ruth Simon,
		
	Ben Kesling
		
	and Leslie Josephs","Ten months after Michael Brown’s shooting death, the community is struggling to recover and rebound.",,http://www.wsj.com/articles/in-ferguson-mo-a-long-road-getting-back-to-business-1434335882?mod=Searchresults_pos12&page=2
Michael Brown,12/2/14,WSJ,National Guard Pares Presence in Ferguson Area,Ben Kesling,"The Missouri National Guard has already begun to reduce its footprint in the St. Louis region, though troops remain in Ferguson, according to state officials.",,http://online.wsj.com/articles/national-guard-reduces-presence-in-ferguson-area-1417554691?mod=Searchresults_pos14&page=2
Michael Brown,12/14/14,WSJ,Proceedings: Highlights from the Law Blog,AUTHOR_NOT_FOUND,The U.S. Supreme Court raised eyebrows when it demanded that Foley & Lardner LLP patent attorney Howard Shipley show cause as to “why he should not be sanctioned.”,,http://online.wsj.com/articles/proceedings-highlights-from-the-law-blog-1418614217?mod=Searchresults_pos16&page=2
Michael Brown,11/4/14,WSJ,Nitro Signs Up $15M From Battery Ventures for Digital Documents,AUTHOR_NOT_FOUND,"Nitro Software Inc., a digital document company that moved from Australia to San Francisco two years ago, said it raised $15 million in new financing from Battery Ventures.",,http://www.wsj.com/articles/DJFVW00120141104eab4ar9sl?mod=Searchresults_pos17&page=2
Michael Brown,11/6/14,WSJ,Ferguson Braces for Grand Jury Decision,Ben Kesling,"Workers are boarding up windows in Ferguson, Mo., and police are re-stocking tear gas as they prepare for civil unrest that could follow a grand jury decision on whether to indict a police officer in the shooting death of an unarmed 18-year-old.",,http://online.wsj.com/articles/ferguson-community-braces-for-grand-jury-decision-in-black-teens-shooting-1415311318?mod=Searchresults_pos18&page=2
Michael Brown,11/25/14,WSJ,Protesters Turn Out in U.S. Cities Following Decision,"Thomas MacMillan, Alejandro Lazo and Cameron McWhirter","Protests broke out in a number of U.S. cities following the decision on Monday by a grand jury not to indict a Ferguson, Mo., police officer in the shooting death of a black teenager.",,http://online.wsj.com/articles/u-s-cities-prepare-for-reaction-to-ferguson-grand-jury-decision-1416874256?mod=Searchresults_pos20&page=2
Michael Brown,11/21/14,WSJ,Ferguson Grand Jury Still in Session,Ben Kesling,"The grand jury deciding whether to indict officer Darren Wilson in the shooting death of Michael Brown is still in session, according to the county prosecutor.",,http://online.wsj.com/articles/ferguson-grand-jury-still-in-session-prosecutor-says-1416602133?mod=Searchresults_pos1&page=3
Michael Brown,11/25/14,WSJ,Ferguson Business Owners Survey the Damage,Ben Kesling And Pervaiz Shallwani,"After a night of tear gas from police and rocks thrown by vandals, shop owners in Ferguson, Mo., were out with brooms and dustpans, cleaning up and preparing for another possible night of protests.",,http://online.wsj.com/articles/ferguson-business-owners-survey-the-damage-1416967469?mod=Searchresults_pos3&page=3
Michael Brown,11/25/14,WSJ,Protests Spread in U.S. Cities Following Decision,"Thomas MacMillan, Alejandro Lazo and Cameron McWhirter","Protests broke out in a number of U.S. cities following the decision on Monday by a grand jury not to indict a Ferguson, Mo., police officer in the shooting death of a black teenager.",,http://online.wsj.com/articles/protests-spread-in-u-s-cities-following-decision-1416922570?mod=Searchresults_pos5&page=3
Michael Brown,12/13/14,WSJ,Protests Ramp Up Over Police Killings,AUTHOR_NOT_FOUND,"Thousands of protesters, including family members of Eric Garner and Michael Brown,  marched in Washington, D.C., New York and other cities on Saturday to call attention to the recent deaths of unarmed black men at the hands of police and to call for legislative action.",,http://online.wsj.com/articles/protests-ramp-up-in-washington-other-cities-over-killings-by-police-1418506181?mod=Searchresults_pos6&page=3
Michael Brown,12/12/14,WSJ,"Faces, and Forces, Behind New York City Protests",AUTHOR_NOT_FOUND,The thousands in New York who have protested the recent grand jury decisions not to indict white police officers in the deaths of unarmed black men cut a wide swath.,,http://online.wsj.com/articles/faces-and-forces-behind-protests-1418436273?mod=Searchresults_pos8&page=3
Michael Brown,11/25/14,WSJ,"Ferguson Hit by Looting, Arson","Ben Kesling, Pervaiz Shallwani and Mark Peters","Peaceful protests in Ferguson, Mo., gave way to looting and arson in the wake of a grand jury decision not to indict a white police officer in the summer shooting of an unarmed black teenager.",,http://online.wsj.com/articles/ferguson-hit-by-looting-and-arson-after-grand-jury-decision-1416900005?mod=Searchresults_pos9&page=3
Michael Brown,12/7/14,WSJ,Protest Turns Violent in Berkeley,Jim Carlton,"A protest in Berkeley, Calif., following the grand jury decision in New York not to indict the police officer involved in the death of Eric Garner turned violent Saturday night as police say some protesters smashed windows and vandalized cars.",,http://online.wsj.com/articles/protest-against-garner-decision-turns-violent-in-berkeley-1417937855?mod=Searchresults_pos10&page=3
Michael Brown,11/28/14,WSJ,Protesters Halt BART Train Service,Alejandro Lazo,"Protesters in Oakland, Calif., wearing T-shirts reading “black lives matter” shut down train service on the Bay Area Rapid Transit system between San Francisco and the East Bay for more than an hour Friday morning.",,http://online.wsj.com/articles/protesters-shut-down-bart-train-service-1417207392?mod=Searchresults_pos11&page=3
Michael Brown,11/11/14,WSJ,Officials Gird for More Unrest in Ferguson,Ben Kesling,Missouri Gov. Jay Nixon said law-enforcement officials have been working to make sure residents will be kept safe once prosecutors announce whether a suburban St. Louis police officer will face charges for fatally shooting 18-year-old Michael Brown.,,http://online.wsj.com/articles/missouri-governor-outlines-police-plan-ahead-of-ferguson-grand-jury-decision-1415738110?mod=Searchresults_pos12&page=3
Michael Brown,12/23/14,WSJ,"Protesters Hit Streets Again, Defying Mayor",Adam Janos,"Hundreds of protesters took to Manhattan’s streets Tuesday evening to rally against what they say is unfair treatment by the New York Police Department, in defiance of Mayor Bill de Blasio’s call for a halt to demonstrations until two slain police officers are laid to rest.",,http://online.wsj.com/articles/protesters-hit-streets-again-defying-mayor-1419389702?mod=Searchresults_pos13&page=3
Michael Brown,12/10/14,WSJ,Protests Against Police Shootings Continue in California,Zusha Elinson,"Protests against police shootings continued for a fourth night in San Francisco’s East Bay area, as hundreds marched through Berkeley and Oakland, blocking a highway and prompting the cancelation of a city council meeting.",,http://online.wsj.com/articles/protests-against-police-shootings-continue-in-california-1418232099?mod=Searchresults_pos14&page=3
Michael Brown,3/4/15,WSJ,U.S. Won’t Charge Ferguson Police Officer Darren Wilson,Devlin Barrett,"The Justice Department said it would not file federal civil-rights charges against the former Ferguson, Mo., police officer who fatally shot an unarmed black teen last year.",,http://www.wsj.com/articles/us-wont-charge-ferguson-officer-darren-wilson-1425490206?mod=Searchresults_pos16&page=3
Michael Brown,11/25/14,WSJ,Grand Jury Transcripts Show Widely Varying Witness Testimony,A Wall Street Journal Roundup,The transcripts of the grand jury proceedings investigating police officer Darren Wilson’s actions in the shooting death of Michael Brown reveal that witnesses’ testimony varied widely on the key details of the Aug. 9 encounter.,,http://online.wsj.com/articles/ferguson-grand-jury-transcripts-show-widely-varying-witness-testimony-1416948406?mod=Searchresults_pos18&page=3
Michael Brown,1/15/15,WSJ,Holder Seeks to Fill Gaps in Police Data,Devlin Barrett,Attorney General Eric Holder said Thursday the country should do more to track when police officers kill and when they are killed.,,http://online.wsj.com/articles/holder-calls-for-more-data-on-violence-in-policing-1421348803?mod=Searchresults_pos19&page=3
Michael Brown,3/13/15,WSJ,Ferguson Council Candidates Vow Change,Ben Kesling,"About a mile from the site of seemingly endless clashes between police and protesters in Ferguson, Mo., a slate of candidates for City Council talk frankly about how to mend their community.",,http://www.wsj.com/articles/fergusons-future-some-residents-place-hope-in-city-council-election-1426266878?mod=Searchresults_pos20&page=3
Michael Brown,12/22/14,WSJ,"The 10-Point: Gerard Baker on the NYPD Killings, New Saudi Oil Strategy, UPS’s Big Test and More",Gerard Baker,"A personal, guided tour to the best scoops and stories every day in The Wall Street Journal, from Editor in Chief Gerard Baker.",,http://online.wsj.com/articles/the-10-point-gerard-baker-on-the-nypd-killings-new-saudi-oil-strategy-upss-big-test-and-more-1419250217?mod=Searchresults_pos1&page=12
Michael Brown,3/12/15,WSJ,Police Probe ‘Ambush’ of Officers in Ferguson,Mark Peters  and Ben Kesling,"Police are investigating the shooting of two officers involved in crowd control at a protest in Ferguson, Mo., early Thursday, in what St. Louis County Police Chief Jon Belmar described as an “ambush.”",,http://www.wsj.com/articles/two-police-officers-shot-outside-ferguson-police-department-1426145841?mod=Searchresults_pos2&page=12
Michael Brown,12/5/14,WSJ,Police Move to Revamp Tactics,"Pervaiz Shallwani,  Zusha Elinson and Gary Fields","Police departments around the country are racing to develop new training rules on the use of force, a response that has gained urgency amid scrutiny from the U.S. Justice Department.",,http://online.wsj.com/articles/police-move-to-revamp-tactics-after-brown-garner-incidents-1417739303?mod=Searchresults_pos3&page=12
Michael Brown,12/4/14,WSJ,Obama Faces Limits in Overseeing Police,Devlin Barrett and Colleen McCain Nelson,"The deaths of unarmed African-American men in Ferguson, Mo., and New York City at the hands of white officers have sparked a debate over deadly force while highlighting federal limits in dealing with local police.",,http://online.wsj.com/articles/obama-calls-protests-in-wake-of-grand-jury-decision-constructive-1417718202?mod=Searchresults_pos4&page=12
Michael Brown,11/21/14,WSJ,"New York City Police Officer Accidentally Shoots, Kills Unarmed Man",Pervaiz Shallwani,"Police say the officer killed a 28-year-old unarmed man in the stairwell of a Brooklyn housing project, a death Mayor Bill de Blasio called a “tragic mistake.”",,http://online.wsj.com/articles/new-york-city-police-officer-shoots-kills-unarmed-man-nypd-says-1416581975?mod=Searchresults_pos5&page=12
Michael Brown,12/22/14,WSJ,"NYC Mayor, Police Unions Postpone Debate",Michael Howard Saul and Pervaiz Shallwani,"New York Mayor Bill de Blasio and police unions agreed to end a war of words until two officers fatally shot this weekend are laid to rest, as law-enforcement agencies nationwide assessed the safety of members.",,http://online.wsj.com/articles/de-blasio-police-unions-postpone-debate-until-after-nypd-funerals-1419295761?mod=Searchresults_pos7&page=12
Michael Brown,12/5/14,WSJ,Protests Spread Across U.S.,Laura Meckler  and Thomas MacMillan,Another round of protests erupted Friday in several major cities as demonstrators blocked traffic and staged die-ins after this week’s New York grand jury decision not to indict a white officer in the choke-hold death of an unarmed black man.,,http://online.wsj.com/articles/protests-break-out-nationwide-for-third-day-1417825427?mod=Searchresults_pos8&page=12
Michael Brown,12/4/14,WSJ,Sizing Up a Prosecutor’s Performance,Rebecca Davis O’Brien,"Elected officials, legal experts and police officers on Thursday differed on Staten Island District Attorney Dan Donovan’s handling of the grand jury that declined to indict the officer involved in Eric Garner’s death.",,http://online.wsj.com/articles/officer-to-new-york-grand-jury-no-chokehold-used-on-eric-garner-1417731535?mod=Searchresults_pos9&page=12
Michael Brown,12/4/14,WSJ,Chokehold Ruling Sparks Protests in New York,"Rebecca Davis O’Brien, Michael Howard Saul and Pervaiz Shallwani",Protests erupted around New York City after a grand jury declined to indict a police officer in the death of an unarmed African-American. The ruling also sparked a federal investigation.,,http://online.wsj.com/articles/new-york-city-police-officer-wont-face-criminal-charges-in-eric-garner-death-1417635275?mod=Searchresults_pos10&page=12
Michael Brown,4/28/15,WSJ,Violence Erupts in Baltimore After Freddie Gray Funeral,Scott Calvert and Kris Maher,"Riots, looting and violent unrest engulfed swaths of Baltimore after the funeral for Freddie Gray, a black man who died in police custody.",,http://www.wsj.com/articles/violence-breaks-out-in-baltimore-as-freddie-gray-is-laid-to-rest-1430169131?mod=Searchresults_pos11&page=12
Michael Brown,12/5/14,WSJ,Protests Spread Across Country,Adam Janos And Thomas MacMillan,"Protests rippled across the country Thursday for a second day after a grand jury declined to indict a New York City police officer in the July death of Eric Garner, a black man who was placed in an apparent chokehold.",,http://online.wsj.com/articles/thousands-protest-across-us-after-eric-garner-grand-jury-decision-1417785011?mod=Searchresults_pos12&page=12
Michael Brown,12/5/14,WSJ,Protests Spread Across Country,Adam Janos and Thomas MacMillan,"Protests rippled across the country Thursday, a day after a grand jury declined to indict a New York City police officer in the July death of Eric Garner, a black man who was placed in an apparent chokehold.",,http://online.wsj.com/articles/protests-spread-across-country-day-after-eric-garner-grand-jury-decision-1417737644?mod=Searchresults_pos13&page=12
Michael Brown,12/3/14,WSJ,Hundreds of Police Killings Are Uncounted,Rob Barry and Coulter Jones,More than 550 justifiable homicides by police between 2007 and 2012 aren’t included in records kept by the FBI.,,http://online.wsj.com/articles/hundreds-of-police-killings-are-uncounted-in-federal-statistics-1417577504?mod=Searchresults_pos14&page=12
Michael Brown,4/29/15,WSJ,Obama Condemns Violence in Baltimore,Carol E. Lee And Devlin Barrett,"The president called on the nation to do some “soul-searching” in the wake of the violence that erupted in Baltimore, while asserting there are limits on what he, or any president, can do to change the system.",,http://www.wsj.com/articles/obama-condemns-violence-in-baltimore-in-response-to-freddie-gray-death-1430246886?mod=Searchresults_pos15&page=12
Michael Brown,12/21/14,WSJ,Killings of New York Police Officers Spark Backlash to Protests,Heather Haddon,The assassination of two New York City police officers has emboldened police and their supporters to lash out at weeks of nationwide protest and criticism that they say have left police more vulnerable.,,http://online.wsj.com/articles/after-police-shootings-protesters-vow-to-continue-1419192944?mod=Searchresults_pos16&page=12
Michael Brown,3/12/15,WSJ,Putting Police Back on the Beat,Gary Fields and John R. Emshwiller,"As deadly police encounters prompt a re-examination of tactics used by law-enforcement agencies, New Haven, Conn., shows why community policing is attracting a fresh surge of attention.",,http://www.wsj.com/articles/putting-police-officers-back-on-the-beat-1426201176?mod=Searchresults_pos17&page=12
Michael Brown,12/30/14,WSJ,Seattle Police Chafe Under New Orders,John R. Emshwiller and Gary Fields,The city reins in prosecution for minor crimes and lets police direct some offenders toward social services rather than the criminal justice system.,,http://online.wsj.com/articles/seattle-police-chafe-under-new-marching-orders-1419981603?mod=Searchresults_pos19&page=12
Michael Brown,4/8/15,WSJ,South Carolina Shooting Bolsters Calls for Police Cameras,Cameron McWhirter and Zusha Elinson,A bystander’s video showing a white South Carolina policeman fatally shooting an unarmed black man as he fled has bolstered nationwide calls to require all police officers to wear body cameras.,,http://www.wsj.com/articles/south-carolina-shooting-bolsters-calls-for-police-cameras-1428541245?mod=Searchresults_pos1&page=7
Michael Brown,11/24/14,WSJ,Ferguson Legal Fight Extends Beyond Grand Jury,Ashby Jones And Devlin Barrett,A grand jury’s decision to reject charges against a white officer in the shooting death of a black teenager in Missouri likely won’t be the last word from the courts on the tragic events of Aug. 9.,,http://online.wsj.com/articles/ferguson-legal-fight-extends-beyond-grand-jury-1416873953?mod=Searchresults_pos2&page=7
Michael Brown,11/15/14,WSJ,No Decision on Ferguson Officer if He Isn’t Indicted,Ben Kesling,"Senior officials in Ferguson, Mo., said the town hasn’t decided whether Officer Darren Wilson will return to the police force if a grand jury doesn’t indict him in the shooting death of an unarmed local teenager.",,http://online.wsj.com/articles/officials-say-no-decision-on-ferguson-policemans-future-if-he-isnt-indicted-1416074986?mod=Searchresults_pos3&page=7
Michael Brown,3/13/15,WSJ,Protests Pass Quietly in Ferguson,Ben Kesling,"Investigations continued Friday in the shooting of two police officers after protests lasted only a few hours the night before as rain, activist organization and police tactics defused tensions.",,http://www.wsj.com/articles/protests-pass-quietly-in-ferguson-a-night-after-officers-shot-1426257659?mod=Searchresults_pos4&page=7
Michael Brown,4/8/15,WSJ,Ferguson Vote Result Seen as Hopeful Sign,Ben Kesling,"A high voter turnout and a shift in the racial makeup of the City Council during a closely watched local election this week signaled hopes for change after a summer of unrest in Ferguson, Mo., officials and residents said.",,http://www.wsj.com/articles/vote-in-ferguson-mo-seen-as-hopeful-sign-1428540404?mod=Searchresults_pos5&page=7
Michael Brown,3/17/15,WSJ,Police Deny Bullying Suspect in Officers’ Shooting in Ferguson,Ben Kesling,"St. Louis County police rejected allegations that a man who allegedly shot two police officers in Ferguson, Mo., last week was beaten by police officers and coerced into admitting guilt.",,http://www.wsj.com/articles/police-deny-bullying-suspect-in-ferguson-officers-shooting-1426605015?mod=Searchresults_pos7&page=7
Michael Brown,12/21/14,WSJ,Cardinal Dolan Urges Support for NYPD,Erica Orden,"New York Cardinal Timothy Dolan addressed the fatal shootings of two police officers, urging support for the police department as well as for Police Commissioner William Bratton and Mayor Bill de Blasio.",,http://online.wsj.com/articles/cardinal-dolan-urges-support-for-nypd-after-killings-1419187898?mod=Searchresults_pos8&page=7
Michael Brown,12/30/14,WSJ,"Police Chief Defends Shooting of Armed Teen in Berkeley, Mo.",Ben Kesling,"Multiple witnesses said they saw a black teenager pull a gun on a Berkeley, Mo., police officer just before the officer fatally shot the youth last week, said the city’s police chief.",,http://online.wsj.com/articles/berkeley-mo-police-chief-defends-shooting-of-armed-teen-1419966835?mod=Searchresults_pos9&page=7
Michael Brown,11/24/14,WSJ,Cleveland Police Say Video Exists of Police Shooting,Mark Peters,"Cleveland officials have video of a police shooting that killed a 12-year-old boy over the weekend, saying the visual evidence provides a clear accounting of what happened.",,http://online.wsj.com/articles/cleveland-police-say-video-exists-of-police-shooting-of-12-year-old-boy-1416853944?mod=Searchresults_pos10&page=7
Michael Brown,11/21/14,WSJ,U.S. Military Gear Keeps Flowing to Missouri,Julian E. Barnes,"The Defense Department has continued to send surplus military gear to police departments in Missouri in the wake of the shooting death of an unarmed black teenager, despite criticism of the equipment-supply program.",,http://online.wsj.com/articles/u-s-military-gear-continues-flowing-to-missouri-despite-criticism-1416613116?mod=Searchresults_pos11&page=7
Michael Brown,11/26/14,WSJ,Ferguson Beefs Up Response After Violence,"Ben Kesling, Pervaiz Shallwani and Mark Peters",Missouri’s governor said he would triple the National Guard presence in the St. Louis region after widespread violence following a grand-jury decision not to indict a police officer in the shooting death of an unarmed teen.,,http://online.wsj.com/articles/ferguson-beefs-up-response-after-violence-1416964911?mod=Searchresults_pos12&page=7
Michael Brown,12/21/14,WSJ,"NYPD Shooting Suspect Referenced Garner, Brown Cases",Pervaiz Shallwani,Two New York City police officers were shot and killed in their patrol car outside a Brooklyn housing project on Saturday. Police are investigating social-media posts in which the suspected gunman foreshadowed the killings.,,http://online.wsj.com/articles/two-nypd-officers-shot-in-patrol-car-1419112127?mod=Searchresults_pos13&page=7
Michael Brown,3/3/15,WSJ,"U.S. Finds Racial Bias in Ferguson Police, Courts",Andrew Grossman,"Police in Ferguson, Mo., routinely violated the civil rights of the city’s black residents, a Justice Department probe has concluded. The city’s courts were also cited for racial bias.",,http://www.wsj.com/articles/ferguson-police-accused-of-racial-bias-by-federal-investigation-1425411657?mod=Searchresults_pos14&page=7
Michael Brown,1/6/15,WSJ,"No Slowdown on NYPD Enforcement, Union Says",Michael Howard Saul,"New York City’s main police union hasn’t initiated or supported a deliberate slowdown, the union’s president said, a day after records were released showing a steep reduction in arrests and summonses for a second week in a row.",,http://online.wsj.com/articles/no-slowdown-on-nypd-enforcement-union-says-1420574516?mod=Searchresults_pos16&page=7
Michael Brown,2/17/15,WSJ,Top Judge Urges Grand-Jury Changes,Rebecca Davis O’Brien,New York’s top judge on Tuesday proposed legislation to make grand-jury proceedings more open to the public and have judges preside over deliberations for police-involved homicides and serious assaults.,,http://www.wsj.com/articles/grand-juries-need-change-new-york-states-chief-judge-says-1424223731?mod=Searchresults_pos18&page=7
Michael Brown,1/27/15,WSJ,Attorney General Nominee Takes the Stage,Andrew Grossman and Devlin Barrett,Loretta Lynch will step into the Senate spotlight on Wednesday as the Justice Department she has been nominated to lead considers a series of hot-button issues ranging from possible civil-rights violations by police to government leaks.,,http://online.wsj.com/articles/attorney-general-nominee-lynchs-confirmation-hearing-set-to-begin-1422405198?mod=Searchresults_pos19&page=7
Michael Brown,3/2/15,WSJ,Justice Department Report to Criticize Treatment of Minorities by Ferguson Police,Devlin Barrett And Ben Kesling,"The Justice Department is preparing to issue reports on the Ferguson, Mo., police department explaining its expected decision not to file criminal charges against a former officer who killed an unarmed black teen while excoriating the department’s treatment of minorities.",,http://www.wsj.com/articles/justice-department-report-to-criticize-treatment-of-minorities-by-ferguson-police-1425337717?mod=Searchresults_pos20&page=7
Michael Brown,1/7/15,WSJ,J.W. Childs Buys Winery From TPG Growth-Backed Vincraft,Lillian Rizzo,"The Waltham, Mass., firm has acquired Kosta Browne Winery, a Santa Rosa, Calif.-based winery, from TPG Growth-backed Vincraft Group, according to a news release.",,http://www.wsj.com/articles/DJFLBO0120150107eb17q6no7?mod=Searchresults_pos2&page=6
Michael Brown,11/21/14,WSJ,Officials Lay Out Rules for Police Handling of Ferguson Protests,Ben Kesling,“Rules of conduct” released as grand jury appeared close to announcing whether to indict a white police officer for the killing of an unarmed black teenager this summer.,,http://online.wsj.com/articles/ferguson-police-arrest-protesters-1416557570?mod=Searchresults_pos3&page=6
Michael Brown,6/28/15,WSJ,Maker of Police Body Cameras Is Acquired,Tarun Shukla,"Vievu, a maker of police body cameras, has been acquired by Safariland, which is bulking up its portfolio of security products ahead of a planned initial public offering next year",,http://www.wsj.com/articles/maker-of-police-body-cameras-is-acquired-1435515705?mod=Searchresults_pos4&page=6
Michael Brown,3/13/15,WSJ,Police Chasing ‘Scores’ of Leads in Ferguson Shooting of Two Officers,Ben Kesling,"Law enforcement has been chasing ’scores’ of leads but has made no arrests in the shooting of two Ferguson, Mo., police officers early Thursday morning, according to local police.",,http://www.wsj.com/articles/police-chasing-scores-of-leads-in-ferguson-shooting-of-two-officers-1426290009?mod=Searchresults_pos5&page=6
Michael Brown,4/6/15,WSJ,Ferguson Set for Elections,Ben Kesling,Half of the St. Louis suburb’s council seats are up for grabs after the fatal police shooting last August.,,http://www.wsj.com/articles/ferguson-set-for-first-elections-in-wake-of-unrest-1428348855?mod=Searchresults_pos6&page=6
Michael Brown,12/5/14,WSJ,Brooklyn District Attorney to Impanel Grand Jury in Akai Gurley Case,"BySonja Sharp, Rebecca Davis O’Brien and Melanie Grayce West",The Brooklyn District Attorney Ken Thompson said he plans to impanel a grand jury to consider the Nov. 20 shooting death of Akai Gurley at the hands of a rookie New York City police officer,,http://online.wsj.com/articles/brooklyn-district-attorney-to-impanel-grand-jury-in-akai-gurley-case-1417801925?mod=Searchresults_pos7&page=6
Michael Brown,1/19/15,WSJ,Poll Shows Majority of Blacks View King’s Dream as Unrealized,Ben Kesling,"White and black Americans disagree about equality, opportunity and racism in the U.S., more than 46 years after the assassination of Martin Luther King Jr., according to a Wall Street Journal/NBC News poll.",,http://online.wsj.com/articles/leaders-gather-in-atlanta-to-celebrate-martin-luther-king-jr-1421686000?mod=Searchresults_pos8&page=6
Michael Brown,11/29/14,WSJ,Officer in Ferguson Shooting Resigns,Matthew Dolan,"Darren Wilson, the white Ferguson police officer who shot to death a black teen last summer and avoided criminal prosecution this week has resigned from the police force.",,http://online.wsj.com/articles/darren-wilson-resigns-from-ferguson-police-department-1417305478?mod=Searchresults_pos10&page=6
Michael Brown,12/28/14,WSJ,NYPD Chief Seeks to Tame Protest Tensions,Jonathan House And Reid J. Epstein,New York City Police Commissioner William Bratton said his department would seek to meet with police union leaders and engage in other talks to calm racial tensions flamed by recent high-profile killings.,,http://online.wsj.com/articles/nypd-chief-seeks-to-tame-protest-tensions-1419790724?mod=Searchresults_pos11&page=6
Michael Brown,11/25/14,WSJ,Ferguson Area Clergy Lead Peaceful Protest,Ben Kesling,A sunrise prayer vigil and dozens of clergy marching in the streets here Tuesday was a stark counterpoint to the destruction and looting that took place Monday night just miles away in Ferguson.,,http://online.wsj.com/articles/ferguson-area-clergy-lead-peaceful-protest-1416935595?mod=Searchresults_pos12&page=6
Michael Brown,2/12/15,WSJ,"FBI Director Discusses Hard Truths on Policing, Race Relations",Devlin Barrett,"The U.S. is at a crossroads on matters of race relations and law enforcement, presenting “hard truths” that its citizens and police must confront, FBI Director James Comey.",,http://www.wsj.com/articles/fbi-director-discusses-hard-truths-on-policing-race-relations-1423775890?mod=Searchresults_pos13&page=6
Michael Brown,12/6/14,WSJ,Funeral Held for Man Fatally Shot by New York Police Officer,Keiko Morris,"Akai Gurley, a 28-year-old New York City man who was fatally shot by a police officer, was remembered Saturday by family and friends as a caring father, son and big brother.",,http://online.wsj.com/articles/funeral-held-for-man-fatally-shot-by-new-york-police-officer-1417904640?mod=Searchresults_pos14&page=6
Michael Brown,3/4/15,WSJ,Ferguson Report Unlikely to Help Many in Civil Suits,Ben Kesling,"A Justice Department report highlighting rampant bias in the Ferguson, Mo., police department and court system is likely to bring sweeping change to the city but may not help many of those affected sue for damages.",,http://www.wsj.com/articles/ferguson-report-unlikely-to-help-many-in-civil-suits-1425510195?mod=Searchresults_pos15&page=6
Michael Brown,12/30/14,WSJ,"Mayor and Police Unions Meet; No Resolution, Unions Say",Michael Howard Saul and Joe Jackson,"A two-hour meeting focuses on safety; “actions speak louder than words and time will tell,” union says.",,http://online.wsj.com/articles/mayor-and-police-unions-meet-no-resolution-unions-say-1419982676?mod=Searchresults_pos16&page=6
Michael Brown,4/8/15,WSJ,South Carolina Shooting Bolsters Calls for Police Cameras,Cameron McWhirter and Zusha Elinson,A bystander’s video showing a white South Carolina policeman fatally shooting an unarmed black man as he fled has bolstered nationwide calls to require all police officers to wear body cameras.,,http://www.wsj.com/articles/south-carolina-shooting-bolsters-calls-for-police-cameras-1428541245?mod=Searchresults_pos17&page=6
Michael Brown,11/24/14,WSJ,Ferguson Legal Fight Extends Beyond Grand Jury,Ashby Jones And Devlin Barrett,A grand jury’s decision to reject charges against a white officer in the shooting death of a black teenager in Missouri likely won’t be the last word from the courts on the tragic events of Aug. 9.,,http://online.wsj.com/articles/ferguson-legal-fight-extends-beyond-grand-jury-1416873953?mod=Searchresults_pos18&page=6
Michael Brown,11/15/14,WSJ,No Decision on Ferguson Officer if He Isn’t Indicted,Ben Kesling,"Senior officials in Ferguson, Mo., said the town hasn’t decided whether Officer Darren Wilson will return to the police force if a grand jury doesn’t indict him in the shooting death of an unarmed local teenager.",,http://online.wsj.com/articles/officials-say-no-decision-on-ferguson-policemans-future-if-he-isnt-indicted-1416074986?mod=Searchresults_pos19&page=6
Michael Brown,3/23/15,WSJ,Justice Department Recommends Changes to Philadelphia Police Policies,Scott Calvert,"A Justice Department review of police-involved shootings in Philadelphia recommended dozens of changes, after finding serious shortcomings with policies and training.",,http://www.wsj.com/articles/justice-department-recommends-changes-to-philadelphia-police-policies-1427141731?mod=Searchresults_pos20&page=6
Michael Brown,12/10/14,WSJ,Senate Clears Law-Enforcement Death-Reporting Legislation,Rob Barry,The Senate cleared and sent to President Obama legislation that would provide strong incentives for states and federal law-enforcement agencies to report deaths in custody and during arrests.,,http://online.wsj.com/articles/senate-clears-legislation-encouraging-reporting-of-deaths-in-law-enforcement-custody-1418261529?mod=Searchresults_pos2&page=4
Michael Brown,1/11/15,WSJ,Police Investigations into Deaths Scrutinized,Zusha Elinson,Lawmakers in some states are moving to make investigations of police-involved killings more independent by requiring outside review or special prosecutors in such cases.,,http://online.wsj.com/articles/police-reviews-in-deaths-scrutinized-1421016273?mod=Searchresults_pos3&page=4
Michael Brown,1/15/15,WSJ,Holder Seeks to Fill Gaps in Police Data,Devlin Barrett,Attorney General Eric Holder said Thursday the country should do more to track when police officers kill and when they are killed.,,http://online.wsj.com/articles/holder-calls-for-more-data-on-violence-in-policing-1421348803?mod=Searchresults_pos4&page=4
Michael Brown,3/4/15,WSJ,"One Ferguson Police Employee Fired, Two Under Review for Racist Emails",Ben Kesling,"The mayor of Ferguson, Mo., said Wednesday a police department employee had been fired and two others remain under investigation for sending racist emails.",,http://www.wsj.com/articles/one-ferguson-police-employee-fired-two-under-investigation-for-racist-emails-1425516879?mod=Searchresults_pos5&page=4
Michael Brown,11/25/14,WSJ,Law and Evidence Tilted in Ferguson Police’s Favor,Ashby Jones And Joe Palazzolo,The factors that ultimately shaped the grand jury’s decision were in place at an early stage.,,http://online.wsj.com/articles/law-and-evidence-tilted-in-ferguson-polices-favor-1416950255?mod=Searchresults_pos6&page=4
Michael Brown,11/21/14,WSJ,"Ahead of Ferguson Decision, Attorney General Urges Calm, Restraint",Devlin Barrett,"Attorney General Eric Holder is urging police to minimize confrontation and protesters to be peaceful ahead of a grand jury decision on whether to indict the police officer who shot an unarmed black teenager in Ferguson, Mo.",,http://online.wsj.com/articles/ahead-of-ferguson-decision-attorney-general-urges-calm-restraint-1416580745?mod=Searchresults_pos7&page=4
Michael Brown,12/4/14,WSJ,Police Stories Hit Home for Jets’ Richardson,Alex Raskin,"‘Someone got murdered,’ said Jets defensive end Sheldon Richardson, a St. Louis native, about the grand-jury decision in the death of Staten Island resident Eric Garner. ‘It’s just that simple.’",,http://online.wsj.com/articles/recent-cases-of-police-violence-hit-home-for-jets-sheldon-richardson-1417745047?mod=Searchresults_pos8&page=4
Michael Brown,12/28/14,WSJ,Officer Liu’s Funeral Set for Sunday,Mike Vilensky and Mark Morales,"The funeral for New York City police Officer Wenjian Liu, one of two officers fatally shot in their squad car in Brooklyn, has been set for Sunday.",,http://online.wsj.com/articles/nypd-officer-wenjian-lius-funeral-set-for-sunday-1419823074?mod=Searchresults_pos9&page=4
Michael Brown,11/25/14,WSJ,Obama Calls for Peaceful Protests,Colleen McCain Nelson and Byron Tau,"Barack Obama called for peaceful protests and a restrained response from law enforcement on after a grand jury declined to indict a police officer in the shooting death of an unarmed 18-year-old in Ferguson, Mo.",,http://online.wsj.com/articles/obama-calls-for-peaceful-protests-after-ferguson-grand-jury-decision-1416890528?mod=Searchresults_pos11&page=4
Michael Brown,11/28/14,WSJ,Missouri Running Out of Emergency Funds for Ferguson,Matthew Dolan,Gov. Jay Nixon said he would call a special session of the state legislature to provide “critical” funding for the National Guard and Highway Patrol still on patrol in Ferguson.,,http://online.wsj.com/articles/missouri-governor-to-call-special-legislative-session-on-ferguson-funding-1417231479?mod=Searchresults_pos13&page=4
Michael Brown,3/7/15,WSJ,Police Shooting of Unarmed 19-Year-Old Prompts Protest,Associated Press,"The fatal shooting of an unarmed black 19-year-old by a white police officer, who authorities say fired after he was assaulted, prompted protesters to take to the streets with chants of “Black Lives Matter.”",,http://www.wsj.com/articles/wisconsin-attorney-general-investigating-shooting-in-madison-1425758817?mod=Searchresults_pos18&page=4
Michael Brown,2/13/15,WSJ,Prosecutors Make First Arson Arrest From Ferguson Unrest,Ben Kesling,"Federal agents made the first arrest for arson charges related to unrest in Ferguson, Mo. Local and federal officials have been working on multiple investigations in the aftermath of the Ferguson protests.",,http://www.wsj.com/articles/prosecutors-make-first-arson-arrest-from-ferguson-unrest-1423850518?mod=Searchresults_pos2&page=5
Michael Brown,6/30/15,WSJ,Federal Review Faults Police Response to Ferguson Protests,Devlin Barrett,"Local police improperly used military tactics—including dogs, tear gas and snipers—that escalated rather than eased protests in Ferguson, Mo., last year, according to a soon-to-be-released Justice Department report.",,http://www.wsj.com/articles/federal-review-faults-police-response-to-ferguson-protests-1435699052?mod=Searchresults_pos3&page=5
Michael Brown,4/29/15,WSJ,"Ferguson Protests Leave Three Shot, Five Arrested",Associated Press,"Looting, fires and gunfire broke out in Ferguson overnight during protests in response to the death of a black man in police custody in Baltimore.",,http://www.wsj.com/articles/ferguson-protests-over-freddie-gray-leave-three-shot-five-arrested-1430340468?mod=Searchresults_pos5&page=5
Michael Brown,3/17/15,WSJ,Man Faces 5 Felony Charges in Ferguson Police Shooting,Ben Kesling,"A 20-year-old man who allegedly shot two police officers at a late-night protest in Ferguson, Mo., last week, appeared in court to face five felony charges, including three class-A felonies.",,http://www.wsj.com/articles/man-faces-5-felony-charges-in-ferguson-police-shooting-1426542823?mod=Searchresults_pos6&page=5
Michael Brown,12/1/14,WSJ,Obama to Ask Congress for Funding for Federal Response to Ferguson,Michael R. Crittenden  And Kristina Peterson,President Barack Obama is expected to ask lawmakers to add money for body cameras and other community policing initiatives to a broader spending bill as part of his response to Ferguson unrest.,,http://online.wsj.com/articles/white-house-expected-to-ask-congress-for-funding-for-federal-response-to-ferguson-1417455572?mod=Searchresults_pos8&page=5
Michael Brown,11/26/14,WSJ,Ferguson Protesters Aim for Bigger Movement,"Dan Frosch, Ana Campoy  and Valerie Bauerlein",Many of the young people who have taken to the streets around the U.S. in Ferguson-related protests vow to turn the rallies against police brutality into a movement that will last long beyond this week.,,http://online.wsj.com/articles/ferguson-protesters-aim-for-bigger-movement-against-police-brutality-1417033948?mod=Searchresults_pos9&page=5
Michael Brown,12/8/14,WSJ,Violence Flares at Berkeley Protests,Alejandro Lazo And Jim Carlton,"A protest turned violent for a second straight night Sunday, resulting in at least eight arrests and an untold amount of damage to vandalized downtown businesses.",,http://online.wsj.com/articles/violence-flares-again-at-berkeley-protests-1418020244?mod=Searchresults_pos11&page=5
Michael Brown,11/30/14,WSJ,Ferguson Officer Won’t Get Severance,Matthew Dolan,"The Ferguson, Mo., police officer who killed an unarmed black 18-year-old after a violent encounter this summer and resigned from the force Saturday left the city voluntarily and won’t receive severance, officials said.",,http://online.wsj.com/articles/two-arrests-made-after-ferguson-police-officer-resigns-1417365692?mod=Searchresults_pos12&page=5
Michael Brown,11/28/14,WSJ,Protesters Aim at Macy’s on Black Friday,Mike Vilensky and Pia Catton,Demonstrators massed inside and outside Macy’s on Herald Square on Black Friday in a bid to flex economic power after a Missouri grand jury’s decision not to indict a police officer in the fatal shooting of a black teenager.,,http://online.wsj.com/articles/protesters-aim-at-macys-on-black-friday-1417224094?mod=Searchresults_pos13&page=5
Michael Brown,11/25/14,WSJ,Obama on Ferguson: ‘No Excuse’ for Violence,Byron Tau,"President Barack Obama said there was “no excuse” for vandalism and violence, speaking a day after the Ferguson, Mo., grand jury decision was announced and resulted in unrest.",,http://online.wsj.com/articles/obama-on-ferguson-no-excuse-for-violence-1416957669?mod=Searchresults_pos14&page=5
Michael Brown,3/15/15,WSJ,Man Charged in Ferguson Police Shootings,Joe Barrett,"A 20-year-old man was charged in the shootings of two police officers providing security during a protest in Ferguson, Mo., last week.",,http://www.wsj.com/articles/police-make-arrest-in-shooting-of-two-officers-in-ferguson-mo-1426443344?mod=Searchresults_pos15&page=5
Michael Brown,3/9/15,WSJ,Missouri Judge to Take Over Ferguson Cases,Ben Kesling,"The Missouri Supreme Court on Monday reassigned all municipal court cases in Ferguson to a state appeals court judge, essentially taking over the city’s court system.",,http://www.wsj.com/articles/missouri-supreme-court-assigns-ferguson-cases-to-appeals-court-judge-1425944766?mod=Searchresults_pos17&page=5
Michael Brown,11/26/14,WSJ,Ferguson Protests Continue Across the U.S.,A Wall Street Journal Roundup,"Protests resumed across the nation Tuesday, marking the second night of demonstrations following the decision by a grand jury not to indict a Ferguson, Mo., police officer in the shooting death of a black teenager.",,http://online.wsj.com/articles/protests-continue-across-the-u-s-1416974462?mod=Searchresults_pos18&page=5
Michael Brown,11/29/14,WSJ,Officer in Ferguson Shooting Resigns,Matthew Dolan,"Darren Wilson, the white Ferguson police officer who shot to death a black teen last summer and avoided criminal prosecution this week has resigned from the police force.",,http://online.wsj.com/articles/darren-wilson-resigns-from-ferguson-police-department-1417305478?mod=Searchresults_pos19&page=5
Michael Brown,6/8/15,WSJ,Ex-Officer Indicted for Murder in South Carolina Shooting of Black Man,Associated Press,A white former North Charleston police officer has been indicted on a murder charge in the fatal shooting of an unarmed black man who was running away from the officer.,,http://www.wsj.com/articles/ex-officer-indicted-for-murder-in-south-carolina-shooting-of-black-man-1433779367?mod=Searchresults_pos20&page=5